<?xml version="1.0" encoding="UTF-8"?>
<project-private xmlns="http://www.netbeans.org/ns/project-private/1">
    <editor-bookmarks xmlns="http://www.netbeans.org/ns/editor-bookmarks/2" lastBookmarkId="0"/>
    <open-files xmlns="http://www.netbeans.org/ns/projectui-open-files/2">
        <group>
            <file>file:/home/bs2020/e2449015/Documents/s6-group-projects/ceng336/THE4/the4.X/hash_task.c</file>
            <file>file:/home/bs2020/e2449015/Documents/s6-group-projects/ceng336/THE4/the4.X/int.c</file>
            <file>file:/home/bs2020/e2449015/Documents/s6-group-projects/ceng336/THE4/the4.X/LCD.c</file>
            <file>file:/home/bs2020/e2449015/Documents/s6-group-projects/ceng336/THE4/the4.X/command_task.c</file>
            <file>file:/home/bs2020/e2449015/Documents/s6-group-projects/ceng336/THE4/the4.X/response_task.c</file>
            <file>file:/home/bs2020/e2449015/Documents/s6-group-projects/ceng336/THE4/the4.X/pic_hash_compute.h</file>
            <file>file:/home/bs2020/e2449015/Documents/s6-group-projects/ceng336/THE4/the4.X/taskdesc.c</file>
            <file>file:/home/bs2020/e2449015/Documents/s6-group-projects/ceng336/THE4/the4.X/pic_hash_compute.c</file>
            <file>file:/home/bs2020/e2449015/Documents/s6-group-projects/ceng336/THE4/the4.X/common.h</file>
            <file>file:/home/bs2020/e2449015/Documents/s6-group-projects/ceng336/THE4/the4.X/main.c</file>
        </group>
    </open-files>
</project-private>
